"Alexander, Dominique",LB
"Alford, Mario",WR
"Bailey, Rasheed",WR
"Bello, B.J.",LB
"Bitonio, Joel",OL
"Boddy-Calhoun, Briean",S
"Boyce, Josh",WR
"Brantley, Caleb",DL
"Britt, Kenny",WR
"Bryant, Christian",S
"Burgess, James",LB
"Burley, Marcus",CB
"Caldwell, Trey",CB
"Campbell, Ibraheim",S
"Coleman, Corey",WR
"Coleman, Shon",OL
"Coley, Trevon",DL
"Collins Sr., Jamie",LB
"Colquitt, Britton",P
"Cooper, Xavier",DL
"Crowell, Isaiah",RB
"Dayes, Matthew",RB
"DeValve, Seth",TE
"Drango, Spencer",OL
"Erving, Cameron",OL
"Fabiano, Anthony",OL
"Fleming, Ladell",LB
"Garrett, Myles",DL
"Gonzalez, Zane",K
"Greco, John",OL
"Haden, Joe",CB
"Hall, Rannell",WR
"Harmon, J.D.",S
"Higgins, Rashard",WR
"Hill, Alvin",CB
"Hillary, Darius",CB
"Hogan, Kevin",QB
"Holmes, Tyrone",DL
"Holtz, J.P.",TE
"Hughlett, Charley",LS
"Iese, Nate",TE
"Ikard, Gabe",OL
"Johnson Jr., Duke",RB
"Johnson, Cam",DL
"Johnson, Rod",OL
"Kessler, Cody",QB
"Kindred, Derrick",S
"King, Deon",LB
"Kirksey, Christian",LB
"Kizer, DeShone",QB
"Leslie, Jordan",WR
"Louis, Ricardo",WR
"Magee, Terrence",RB
"Martin, Marcus",OL
"McCourty, Jason",CB
"McNamara, Taylor",TE
"Meder, Jamie",DL
"Mullaney, Richard",WR
"Murray, Najee",CB
"Nacua, Kai",S
"Nassib, Carl",DL
"Njoku, David",TE
"O'Brien, Kitt",OL
"Ogbah, Emmanuel",DL
"Ogunjobi, Larry",DL
"Olugbode, Kenneth",LB
"Orchard, Nate",DL
"Osweiler, Brock",QB
"Parkey, Cody",K
"Payton, Jordan",WR
"Peppers, Jabrill",S
"Pryor III, Calvin",S
"Reiter, Austin",OL
"Reynolds II, Ed",S
"Schobert, Joe",LB
"Schult, Karter",DL
"Shelton, Danny",DL
"Sterup, Zach",OL
"Stribling, Channing",CB
"Taylor, Jamar",CB
"Telfer, Randall",TE
"Thomas, Joe",OL
"Thompson, Brandon",DL
"Tretter, JC",OL
"Vitale, Danny",FB
"Wilds, Brandon",RB
"Zeitler, Kevin",OL
